{
  "features": {
    "1": {
      "histogram": {
        "0": 0.01694915254237288,
        "1": 0.0,
        "2": 0.0,
        "3": 0.0,
        "4": 0.0,
        "5": 0.0,
        "6": 0.0,
        "7": 0.0,
        "8": 0.0,
        "9": 0.0,
        "10": 0.0,
        "11": 0.0,
        "12": 0.0,
        "13": 0.0,
        "14": 0.0,
        "15": 0.0,
        "16": 0.0,
        "17": 0.0,
        "18": 0.0,
        "19": 0.0,
        "20": 0.0,
        "21": 0.0,
        "22": 0.0,
        "23": 0.0,
        "24": 0.0,
        "25": 0.0,
        "26": 0.0,
        "27": 0.0,
        "28": 0.05084745762711865,
        "29": 0.0,
        "30": 0.01694915254237288,
        "31": 0.01694915254237288,
        "32": 0.05084745762711865,
        "33": 0.0,
        "34": 0.03389830508474576,
        "35": 0.01694915254237288,
        "36": 0.01694915254237288,
        "37": 0.0,
        "38": 0.0,
        "39": 0.0,
        "40": 0.06779661016949153,
        "41": 0.05084745762711865,
        "42": 0.15254237288135594,
        "43": 0.0847457627118644,
        "44": 0.11864406779661017,
        "45": 0.0,
        "46": 0.0,
        "47": 0.0,
        "48": 0.0,
        "49": 1.0
      },
      "max": 1,
      "min": 0,
      "median": 0.55,
      "variance": 0.22,
      "deviation": 0.03
    },
    "2": {
      "histogram": {
        "0": 0.03571428571428571,
        "1": 0.0,
        "2": 0.0,
        "3": 0.0,
        "4": 0.0,
        "5": 0.0,
        "6": 0.0,
        "7": 0.07142857142857142,
        "8": 0.0,
        "9": 0.0,
        "10": 0.0,
        "11": 0.0,
        "12": 0.0,
        "13": 0.0,
        "14": 0.0,
        "15": 0.0,
        "16": 0.0,
        "17": 0.0,
        "18": 0.0,
        "19": 0.0,
        "20": 0.0,
        "21": 0.10714285714285714,
        "22": 0.0,
        "23": 0.0,
        "24": 0.0,
        "25": 0.0,
        "26": 0.0,
        "27": 0.0,
        "28": 0.0,
        "29": 0.0,
        "30": 0.0,
        "31": 0.0,
        "32": 0.0,
        "33": 0.0,
        "34": 0.0,
        "35": 0.42857142857142855,
        "36": 0.0,
        "37": 0.07142857142857142,
        "38": 0.0,
        "39": 0.0,
        "40": 0.5,
        "41": 0.03571428571428571,
        "42": 0.6428571428571429,
        "43": 0.14285714285714285,
        "44": 0.21428571428571427,
        "45": 0.14285714285714285,
        "46": 0.17857142857142858,
        "47": 0.0,
        "48": 0.0,
        "49": 1.0
      },
      "max": 1,
      "min": 0,
      "median": 0.55,
      "variance": 0.22,
      "deviation": 0.03
    },
    "3": {
      "histogram": {
        "0": 1.0,
        "1": 0.0,
        "2": 0.0,
        "3": 0.0,
        "4": 0.0,
        "5": 0.0,
        "6": 0.0,
        "7": 0.0,
        "8": 0.0,
        "9": 0.0,
        "10": 0.0,
        "11": 0.0,
        "12": 0.0,
        "13": 0.0,
        "14": 0.0,
        "15": 0.0,
        "16": 0.0,
        "17": 0.0,
        "18": 0.0,
        "19": 0.0,
        "20": 0.0,
        "21": 0.0,
        "22": 0.0,
        "23": 0.0,
        "24": 0.0,
        "25": 0.0,
        "26": 0.0,
        "27": 0.0,
        "28": 0.0,
        "29": 0.0,
        "30": 0.0,
        "31": 0.0,
        "32": 0.0,
        "33": 0.0,
        "34": 0.0,
        "35": 0.0,
        "36": 0.0,
        "37": 0.0,
        "38": 0.0,
        "39": 0.0,
        "40": 0.0,
        "41": 0.0,
        "42": 0.0,
        "43": 0.0,
        "44": 0.0,
        "45": 0.0,
        "46": 0.0,
        "47": 0.0,
        "48": 0.0,
        "49": 0.0
      },
      "max": 1,
      "min": 0,
      "median": 0.55,
      "variance": 0.22,
      "deviation": 0.03
    },
    "4": {
      "histogram": {
        "0": 0.1,
        "1": 0.0,
        "2": 0.0,
        "3": 0.0,
        "4": 0.0,
        "5": 0.05,
        "6": 0.0,
        "7": 0.0,
        "8": 0.0,
        "9": 0.0,
        "10": 0.0,
        "11": 0.0,
        "12": 0.0,
        "13": 0.0,
        "14": 0.05,
        "15": 0.0,
        "16": 0.0,
        "17": 0.05,
        "18": 0.0,
        "19": 0.0,
        "20": 0.0,
        "21": 0.0,
        "22": 0.0,
        "23": 0.05,
        "24": 0.0,
        "25": 0.0,
        "26": 0.0,
        "27": 0.0,
        "28": 0.0,
        "29": 0.0,
        "30": 0.15,
        "31": 0.05,
        "32": 0.75,
        "33": 0.25,
        "34": 0.15,
        "35": 0.15,
        "36": 0.25,
        "37": 0.1,
        "38": 1.0,
        "39": 0.2,
        "40": 0.0,
        "41": 0.7,
        "42": 0.35,
        "43": 0.05,
        "44": 0.35,
        "45": 0.0,
        "46": 0.0,
        "47": 0.2,
        "48": 0.0,
        "49": 0.0
      },
      "max": 1,
      "min": 0,
      "median": 0.55,
      "variance": 0.22,
      "deviation": 0.03
    },
    "5": {
      "histogram": {
        "0": 0.030303030303030304,
        "1": 0.0,
        "2": 0.0,
        "3": 0.0,
        "4": 0.0,
        "5": 0.0,
        "6": 0.0,
        "7": 0.0,
        "8": 0.0,
        "9": 0.0,
        "10": 0.0,
        "11": 0.0,
        "12": 0.0,
        "13": 0.0,
        "14": 0.0,
        "15": 0.0,
        "16": 0.0,
        "17": 0.0,
        "18": 0.0,
        "19": 0.0,
        "20": 0.0,
        "21": 0.0,
        "22": 0.0,
        "23": 0.0,
        "24": 0.015151515151515152,
        "25": 0.0,
        "26": 0.0,
        "27": 0.0,
        "28": 0.0,
        "29": 0.07575757575757576,
        "30": 1.0,
        "31": 0.06060606060606061,
        "32": 0.015151515151515152,
        "33": 0.0,
        "34": 0.015151515151515152,
        "35": 0.045454545454545456,
        "36": 0.10606060606060606,
        "37": 0.07575757575757576,
        "38": 0.015151515151515152,
        "39": 0.0,
        "40": 0.0,
        "41": 0.0,
        "42": 0.0,
        "43": 0.0,
        "44": 0.0,
        "45": 0.06060606060606061,
        "46": 0.0,
        "47": 0.0,
        "48": 0.0,
        "49": 0.0
      },
      "max": 1,
      "min": 0,
      "median": 0.55,
      "variance": 0.22,
      "deviation": 0.03
    },
    "6": {
      "histogram": {
        "0": 0.1111111111111111,
        "1": 0.0,
        "2": 0.0,
        "3": 0.0,
        "4": 0.0,
        "5": 0.05555555555555555,
        "6": 0.0,
        "7": 0.0,
        "8": 0.0,
        "9": 0.0,
        "10": 0.0,
        "11": 0.0,
        "12": 0.0,
        "13": 0.0,
        "14": 0.0,
        "15": 0.0,
        "16": 0.0,
        "17": 0.0,
        "18": 0.0,
        "19": 0.0,
        "20": 0.0,
        "21": 0.0,
        "22": 0.0,
        "23": 0.0,
        "24": 0.0,
        "25": 0.0,
        "26": 0.0,
        "27": 0.0,
        "28": 0.0,
        "29": 0.05555555555555555,
        "30": 0.0,
        "31": 0.0,
        "32": 0.0,
        "33": 0.2222222222222222,
        "34": 0.5,
        "35": 0.0,
        "36": 0.2222222222222222,
        "37": 0.4444444444444444,
        "38": 0.05555555555555555,
        "39": 0.6111111111111112,
        "40": 0.05555555555555555,
        "41": 0.05555555555555555,
        "42": 0.5555555555555556,
        "43": 0.1111111111111111,
        "44": 0.8888888888888888,
        "45": 0.16666666666666666,
        "46": 0.16666666666666666,
        "47": 0.2777777777777778,
        "48": 0.0,
        "49": 1.0
      },
      "max": 1,
      "min": 0,
      "median": 0.55,
      "variance": 0.22,
      "deviation": 0.03
    },
    "7": {
      "histogram": {
        "0": 1.0,
        "1": 0.0,
        "2": 0.0,
        "3": 0.0,
        "4": 0.0,
        "5": 0.0,
        "6": 0.0,
        "7": 0.0,
        "8": 0.0,
        "9": 0.0,
        "10": 0.0,
        "11": 0.0,
        "12": 0.0,
        "13": 0.0,
        "14": 0.0,
        "15": 0.0,
        "16": 0.0,
        "17": 0.0,
        "18": 0.0,
        "19": 0.0,
        "20": 0.0,
        "21": 0.0,
        "22": 0.0,
        "23": 0.0,
        "24": 0.0,
        "25": 0.0,
        "26": 0.0,
        "27": 0.0,
        "28": 0.0,
        "29": 0.0,
        "30": 0.0,